k,E0,Eend,tau,gauss_residual
0,0.00019306709313132554,0.00010807408755590145,319.48269486383117,0.0012258169809899902
